TimeString,AIT-031,AIT-031-T,AIT-032,DPT-035,FIT-044,FT-043,P-008-PV,PT-020,PT-021,PT-022,PT-023
2020-07-03 19:22:06.611734,1.5,72.9,1018.8,34.8,4.8,5.3,0.0,53.1,37.6,0.0,1.8
2020-07-03 19:22:07.188926,1.4,72.9,1018.8,34.9,4.7,5.3,0.0,53.4,37.7,0.0,1.8
2020-07-03 19:22:07.750171,1.4,72.9,1018.8,34.7,4.7,5.3,0.0,53.3,37.6,0.0,1.8
2020-07-03 19:22:08.790681,1.4,72.9,1018.8,34.9,4.7,5.3,0.0,53.3,37.5,0.1,1.8
2020-07-03 19:22:09.389232,1.4,72.9,1018.8,35.0,4.8,5.3,0.0,53.1,37.5,0.0,1.8
2020-07-03 19:22:10.611973,1.4,72.9,1018.8,34.9,4.8,5.3,0.0,52.8,37.5,0.1,1.8
2020-07-03 19:22:11.053969,1.4,72.9,1018.8,34.9,4.8,5.3,0.0,53.1,37.5,0.1,1.8
2020-07-03 19:22:11.869189,1.4,72.9,1018.8,34.9,4.7,5.3,0.0,53.3,37.7,0.0,1.8
2020-07-03 19:22:12.631717,1.4,72.9,1018.8,34.7,4.7,5.3,0.0,53.1,37.5,0.1,1.8
2020-07-03 19:22:13.451824,1.3,72.9,1018.8,34.8,4.7,5.3,0.0,52.9,37.5,0.1,1.8
2020-07-03 19:22:14.051257,1.3,72.9,1018.8,34.8,4.8,5.3,0.0,52.9,37.5,0.0,1.7
2020-07-03 19:22:14.469954,1.3,72.9,1018.8,34.8,4.8,5.3,0.0,53.2,37.5,0.0,1.7
2020-07-03 19:22:14.950045,1.2,72.9,1018.8,34.8,4.8,5.3,0.0,53.1,37.5,0.1,1.7
2020-07-03 19:22:15.432178,1.2,72.9,1018.8,34.9,4.8,5.3,0.0,53.5,37.5,0.0,1.7
2020-07-03 19:22:15.892733,1.2,72.9,1018.8,34.7,4.8,5.3,0.0,53.0,37.5,0.0,1.7
2020-07-03 19:22:16.509684,1.2,72.9,1018.8,34.8,4.8,5.3,0.0,52.9,37.5,0.0,1.7
2020-07-03 19:22:17.490000,1.2,72.9,1018.8,34.7,4.7,5.3,0.0,53.2,37.5,0.1,1.7
2020-07-03 19:22:18.218640,1.2,73.0,1018.8,34.8,4.8,5.3,0.0,53.2,37.5,0.0,1.7
2020-07-03 19:22:18.809580,1.2,73.0,1018.8,34.8,4.7,5.3,0.0,53.2,37.5,0.0,1.8
2020-07-03 19:22:19.188832,1.2,73.0,1018.8,34.9,4.7,5.3,0.0,53.1,37.5,0.0,1.7
2020-07-03 19:22:19.791696,1.2,73.0,1018.8,34.9,4.7,5.3,0.0,53.1,37.5,0.0,1.7
2020-07-03 19:22:20.329603,1.2,73.0,1018.8,34.8,4.7,5.3,0.0,53.4,37.5,0.1,1.7
2020-07-03 19:22:21.009565,1.1,73.0,1018.8,34.6,4.7,5.3,0.0,52.7,37.4,0.0,1.7
2020-07-03 19:22:21.590407,1.1,73.0,1018.8,34.8,4.7,5.3,0.0,53.1,37.5,0.1,1.7
2020-07-03 19:22:22.413193,1.1,73.0,1018.8,34.8,4.7,5.3,0.0,53.2,37.4,0.1,1.7
2020-07-03 19:22:22.869805,1.1,73.0,1018.8,34.9,4.7,5.3,0.0,52.9,37.4,0.1,1.7
2020-07-03 19:22:23.393116,1.0,73.0,1018.8,34.8,4.7,5.3,0.0,53.2,37.4,0.0,1.8
2020-07-03 19:22:23.971944,1.0,73.0,1018.8,34.9,4.7,5.3,0.0,52.9,37.4,0.0,1.7
2020-07-03 19:22:24.529489,1.0,73.0,1018.8,34.8,4.7,5.3,0.0,53.1,37.4,0.0,1.7
2020-07-03 19:22:25.150715,1.0,73.0,1018.8,34.6,4.7,5.3,0.0,52.8,37.2,0.1,1.7
2020-07-03 19:22:25.730228,1.0,73.0,1018.8,34.8,4.7,5.3,0.0,53.3,37.4,0.0,1.7
2020-07-03 19:22:26.330554,1.0,72.9,1018.8,34.8,4.7,5.3,0.0,52.6,37.5,0.0,1.7
2020-07-03 19:22:26.870837,1.0,72.9,1018.8,34.9,4.7,5.3,0.0,52.8,37.4,0.0,1.7
2020-07-03 19:22:27.471990,1.0,72.9,1018.8,34.8,4.7,5.3,0.0,53.0,37.2,0.1,1.7
2020-07-03 19:22:27.993895,1.0,72.9,1018.8,34.9,4.7,5.3,0.0,53.0,37.5,0.0,1.7
2020-07-03 19:22:28.492311,1.0,72.9,1018.8,34.7,4.7,5.3,0.0,53.3,37.4,0.1,1.7
2020-07-03 19:22:29.012600,1.0,72.9,1018.8,34.8,4.7,5.3,0.0,53.4,37.4,0.1,1.7
2020-07-03 19:22:29.411092,1.0,72.9,1018.8,34.7,4.7,5.3,0.0,53.0,37.4,0.0,1.7
2020-07-03 19:22:29.793131,1.0,72.9,1018.8,34.9,4.7,5.3,0.0,52.7,37.2,0.0,1.7
2020-07-03 19:22:30.419762,1.0,73.0,1018.8,34.7,4.7,5.3,0.0,52.6,37.4,0.0,1.7
2020-07-03 19:22:31.031892,1.0,72.9,1018.8,34.6,4.7,5.3,0.0,53.1,37.5,0.1,1.7
2020-07-03 19:22:32.258168,1.0,72.9,1018.8,34.7,4.7,5.3,0.0,53.2,37.4,0.0,1.8
2020-07-03 19:22:32.873262,1.0,72.9,1018.8,34.7,4.7,5.3,0.0,53.0,37.3,0.1,1.7
2020-07-03 19:22:33.411290,1.0,72.9,1018.8,34.7,4.7,5.3,0.0,53.2,37.2,0.1,1.7
2020-07-03 19:22:33.857219,1.0,72.9,1018.8,34.7,4.7,5.3,0.0,53.0,37.2,0.0,1.7
2020-07-03 19:22:34.274318,1.0,73.0,1018.8,34.7,4.7,5.3,0.0,53.0,37.3,0.1,1.6
2020-07-03 19:22:35.011935,1.0,73.0,1018.8,34.7,4.7,5.3,0.0,52.9,37.2,0.0,1.7
2020-07-03 19:22:35.570534,1.0,73.0,1018.8,34.7,4.7,5.3,0.0,53.1,37.2,0.1,1.6
2020-07-03 19:22:36.170907,1.0,73.0,1018.8,34.8,4.7,5.3,0.0,52.8,37.2,0.0,1.7
2020-07-03 19:22:36.752053,1.0,73.0,1018.8,34.8,4.7,5.3,0.0,52.8,37.2,0.0,1.7
2020-07-03 19:22:37.429817,0.9,73.0,1018.8,34.6,4.7,5.3,0.0,52.9,37.2,0.1,1.6
2020-07-03 19:22:38.050516,0.9,73.0,1018.8,34.7,4.7,5.3,0.0,52.7,37.3,0.1,1.6
2020-07-03 19:22:38.590271,0.9,73.0,1018.8,34.7,4.6,5.3,0.0,52.8,37.3,0.1,1.6
2020-07-03 19:22:39.010215,0.9,73.0,1018.8,34.7,4.7,5.3,0.0,52.5,37.2,0.0,1.6
2020-07-03 19:22:40.230699,0.9,73.0,1018.8,34.8,4.6,5.3,0.0,52.9,37.2,0.0,1.6
2020-07-03 19:22:40.670715,0.9,73.0,1018.8,34.7,4.6,5.3,0.0,53.0,37.4,0.1,1.6
2020-07-03 19:22:41.111403,0.9,73.0,1018.8,34.6,4.6,5.3,0.0,53.2,37.2,0.1,1.6
2020-07-03 19:22:41.511852,0.9,73.0,1018.8,34.7,4.6,5.3,0.0,53.2,37.3,0.1,1.6
2020-07-03 19:22:42.131917,0.9,73.0,1018.8,34.7,4.6,5.3,0.0,52.7,37.3,0.0,1.6
2020-07-03 19:22:42.556753,0.9,72.9,1018.8,34.6,4.6,5.3,0.0,52.9,37.2,0.1,1.6
2020-07-03 19:22:43.111543,0.9,72.9,1018.8,34.7,4.6,5.3,0.0,53.0,37.2,0.1,1.6
2020-07-03 19:22:43.613484,0.9,72.9,1018.8,34.7,4.6,5.3,0.0,53.1,37.2,0.0,1.6
2020-07-03 19:22:44.251741,0.9,72.9,1018.8,34.6,4.6,5.3,0.0,53.1,37.1,0.0,1.6
2020-07-03 19:22:44.833287,0.9,72.9,1018.8,34.7,4.6,5.3,0.0,52.8,37.2,0.0,1.6
2020-07-03 19:22:45.410518,0.8,72.9,1018.8,34.7,4.6,5.4,0.0,53.0,37.2,0.0,1.6
2020-07-03 19:22:46.056776,0.8,72.9,1018.8,34.7,4.6,5.4,0.0,52.8,37.2,0.1,1.6
2020-07-03 19:22:46.789867,0.8,72.9,1018.8,34.6,4.6,5.4,0.0,53.2,37.2,0.1,1.6
2020-07-03 19:22:47.251979,0.8,72.9,1018.8,34.6,4.6,5.4,0.0,53.1,37.3,0.0,1.6
2020-07-03 19:22:47.811555,0.8,72.9,1018.8,34.6,4.6,5.4,0.0,52.8,37.2,0.1,1.6
2020-07-03 19:22:48.310020,0.8,72.9,1018.8,34.7,4.6,5.4,0.0,52.7,37.2,0.1,1.6
2020-07-03 19:22:48.909752,0.8,72.9,1018.8,34.7,4.6,5.4,0.0,52.9,37.2,0.0,1.6
2020-07-03 19:22:49.669879,0.8,72.9,1018.8,34.6,4.6,5.4,0.0,52.8,37.2,0.0,1.6
2020-07-03 19:22:50.270062,0.8,72.9,1018.8,34.7,4.6,5.4,0.0,52.7,37.1,0.1,1.6
2020-07-03 19:22:51.049869,0.8,72.9,1018.8,34.6,4.6,5.4,0.0,52.4,37.2,0.0,1.6
2020-07-03 19:22:51.611531,0.8,72.9,1018.8,34.7,4.6,5.3,0.0,52.9,37.2,0.0,1.6
2020-07-03 19:22:52.219580,0.8,72.9,1018.8,34.6,4.6,5.3,0.0,52.7,37.1,0.1,1.6
2020-07-03 19:22:52.691297,0.8,72.9,1018.8,34.6,4.6,5.3,0.0,53.0,37.0,0.1,1.6
2020-07-03 19:22:53.410463,0.8,72.9,1018.8,34.6,4.6,5.3,0.0,53.1,37.2,0.1,1.6
2020-07-03 19:22:54.090472,0.8,72.9,1018.8,34.7,4.6,5.3,0.0,52.7,37.0,0.1,1.6
2020-07-03 19:22:54.670775,0.8,72.9,1018.8,34.7,4.6,5.3,0.0,53.0,37.2,0.1,1.6
2020-07-03 19:22:55.290370,0.7,72.9,1018.8,34.6,4.6,5.3,0.0,53.4,37.2,0.1,1.6
2020-07-03 19:22:55.874456,0.7,72.9,1018.8,34.6,4.6,5.3,0.0,53.4,37.2,0.1,1.6
2020-07-03 19:22:56.391240,0.7,72.9,1018.8,34.6,4.6,5.3,0.0,53.2,37.1,0.0,1.6
2020-07-03 19:22:56.990345,0.7,72.9,1018.8,34.6,4.6,5.3,0.0,52.3,37.1,0.0,1.6
2020-07-03 19:22:57.531273,0.7,72.9,1018.8,34.8,4.6,5.4,0.0,53.0,37.2,0.0,1.6
2020-07-03 19:22:58.170270,0.7,72.9,1018.8,34.5,4.6,5.4,0.0,53.1,37.2,0.1,1.6
2020-07-03 19:22:58.851284,0.7,72.8,1018.8,34.7,4.6,5.4,0.0,52.7,37.2,0.1,1.6
2020-07-03 19:22:59.690566,0.7,72.9,1018.8,34.5,4.6,5.4,0.0,52.4,37.0,0.1,1.6
2020-07-03 19:23:00.690841,0.7,72.9,1018.8,34.5,4.5,5.4,0.0,52.6,37.1,0.1,1.6
2020-07-03 19:23:01.090225,0.7,72.9,1018.8,20.7,4.6,5.4,0.0,23.3,32.9,0.1,1.5
2020-07-03 19:23:01.929967,0.7,72.9,1018.8,6.1,4.0,5.4,0.0,8.6,9.0,0.1,0.0
2020-07-03 19:23:02.599018,0.7,72.9,1018.8,2.7,3.1,5.4,0.0,4.7,4.8,0.0,6553.3
2020-07-03 19:23:03.310776,0.7,72.9,1018.8,1.5,2.2,5.4,0.0,2.0,2.2,6553.5,6553.2
2020-07-03 19:23:03.892965,0.7,72.9,1018.8,0.9,1.6,5.4,0.0,2.0,1.5,0.0,6553.1
2020-07-03 19:23:04.291479,0.7,72.8,1018.8,0.7,1.3,5.4,0.0,2.0,1.3,0.0,6553.0
2020-07-03 19:23:04.673831,0.7,72.9,1018.8,0.7,1.1,5.4,0.0,2.0,1.2,6553.5,6553.1
2020-07-03 19:23:05.070777,0.7,72.9,1018.8,0.5,0.9,5.4,0.0,2.0,1.0,0.0,6553.0
2020-07-03 19:23:05.611249,0.7,72.9,1018.8,0.3,0.7,5.4,0.0,2.0,0.9,0.0,6553.0
2020-07-03 19:23:06.230942,0.7,72.9,1018.8,0.3,0.5,5.4,0.0,2.0,0.8,0.0,6553.0
2020-07-03 19:23:06.711815,0.7,72.9,1018.8,0.2,0.4,5.4,0.0,2.0,0.8,0.0,6553.0
2020-07-03 19:23:07.113874,0.7,72.9,1018.8,0.2,0.0,5.4,0.0,2.0,0.8,0.0,6553.0
2020-07-03 19:23:07.710281,0.7,72.9,1018.8,0.1,0.0,5.4,0.0,2.0,0.7,0.0,6553.0
2020-07-03 19:23:08.371420,0.7,72.9,1018.8,0.1,0.0,5.4,0.0,2.0,0.6,0.0,6553.0
2020-07-03 19:23:08.953810,0.7,72.9,1018.8,0.0,0.0,5.4,0.0,2.0,0.5,0.0,6553.0
2020-07-03 19:23:09.510324,0.7,72.9,1018.8,0.0,0.0,5.4,0.0,2.0,0.6,0.0,6553.0
2020-07-03 19:23:10.052312,0.7,72.9,1018.8,0.0,0.0,5.4,0.0,2.0,0.6,0.0,6553.0
2020-07-03 19:23:10.594447,0.7,72.9,1018.8,0.0,0.0,5.4,0.0,2.0,0.6,0.0,6553.0
2020-07-03 19:23:11.010979,0.7,72.9,1018.8,0.0,0.0,5.4,0.0,2.0,0.4,6553.5,6553.0
2020-07-03 19:23:11.390536,0.7,72.9,1018.8,0.0,0.0,5.4,0.0,2.0,0.4,0.0,6553.0
2020-07-03 19:23:11.911086,0.7,72.9,1018.8,0.0,0.0,5.4,0.0,2.0,0.5,6553.5,6553.0
2020-07-03 19:23:12.910942,0.7,72.9,1018.8,0.0,0.0,5.4,0.0,2.0,0.5,0.0,6553.0
2020-07-03 19:23:13.494758,0.7,72.9,1018.8,0.0,0.0,5.4,0.0,2.0,0.4,0.0,6553.0
2020-07-03 19:23:14.058064,0.7,72.9,1018.8,0.0,0.0,5.4,0.0,2.0,0.4,0.0,6553.0
2020-07-03 19:23:14.510988,0.7,72.9,1018.8,0.0,0.0,5.4,0.0,2.0,0.5,6553.5,6553.0
2020-07-03 19:23:15.131862,0.7,72.9,1018.8,0.0,0.0,5.4,0.0,2.0,0.5,0.0,6553.0
2020-07-03 19:23:15.593876,0.7,72.9,1018.8,0.0,0.0,5.4,0.0,2.0,0.5,0.0,6553.0
2020-07-03 19:23:16.092850,0.7,72.8,1018.8,0.0,0.0,5.4,0.0,2.0,0.4,0.0,6553.0
2020-07-03 19:23:17.191046,0.7,72.8,1018.8,0.0,0.0,5.4,0.0,2.0,0.4,0.0,6553.0
2020-07-03 19:23:17.891332,0.7,72.9,1018.8,0.0,0.0,0.0,0.0,2.0,0.4,0.0,6553.0
2020-07-03 19:23:18.360478,0.7,72.9,1018.8,0.0,0.0,0.0,0.0,2.0,0.4,0.0,6553.0
2020-07-03 19:23:19.051005,0.7,72.9,1018.8,0.0,0.0,0.0,0.0,2.0,0.5,0.0,6553.0
2020-07-03 19:23:19.571482,0.6,72.9,1018.8,0.0,0.0,0.0,0.0,2.0,0.4,0.0,6553.0
2020-07-03 19:23:20.092307,0.6,72.9,1018.8,0.0,0.0,0.0,0.0,2.0,0.3,0.0,6553.0
2020-07-03 19:23:20.872119,0.6,72.9,1018.8,0.0,0.0,0.0,0.0,2.0,0.4,0.0,6553.0
2020-07-03 19:23:21.431871,0.6,72.9,1018.8,0.0,0.0,0.0,0.0,1.9,0.3,0.0,6553.0
2020-07-03 19:23:22.692209,0.6,72.9,1018.8,0.0,0.0,0.0,0.0,2.0,0.3,0.0,6553.0
2020-07-03 19:23:23.112687,0.6,72.9,1018.8,6553.5,0.0,0.0,0.0,2.0,0.4,0.0,6553.0
2020-07-03 19:23:23.810676,0.6,72.9,1018.8,0.0,0.0,0.0,0.0,2.0,0.3,0.0,6553.0
2020-07-03 19:23:24.390516,0.6,72.9,1018.8,6553.5,0.0,0.0,0.0,2.0,0.4,0.0,6553.0
2020-07-03 19:23:25.190808,0.6,72.9,1018.8,0.0,0.0,0.0,0.0,2.0,0.4,0.0,6553.0
2020-07-03 19:23:26.553500,0.6,72.9,1018.8,2.0,0.0,0.0,4.3,1.9,2.1,0.0,6553.0
2020-07-03 19:23:27.271114,0.6,72.9,1018.8,4.3,0.0,0.0,4.3,1.9,3.6,0.0,6553.0
2020-07-03 19:23:27.971917,0.6,72.9,1018.8,7.0,0.0,0.0,4.3,1.8,6.9,6553.5,6553.0
2020-07-03 19:23:28.634952,0.6,72.9,1018.8,9.9,0.0,0.0,4.3,1.7,9.7,6553.5,6553.2
2020-07-03 19:23:29.212844,0.6,72.9,1018.8,13.1,0.7,0.0,4.3,1.7,12.8,0.0,6553.1
2020-07-03 19:23:29.970439,0.6,72.9,1018.8,17.3,1.1,0.0,13.6,1.5,16.1,0.0,6553.3
2020-07-03 19:23:30.572670,0.6,72.9,1018.8,21.0,1.5,1.5,13.6,1.4,20.0,6553.5,6553.5
2020-07-03 19:23:31.792795,0.6,72.9,1018.8,24.5,2.3,1.5,13.6,1.4,25.5,0.1,0.1
2020-07-03 19:23:32.292623,0.6,72.9,1018.8,24.5,2.5,1.5,13.6,1.4,25.8,0.1,0.2
2020-07-03 19:23:33.045792,0.6,72.9,1018.8,24.5,2.8,1.5,19.9,1.4,25.9,0.0,0.4
2020-07-03 19:23:33.430924,0.6,72.9,1018.8,24.5,3.0,1.5,19.9,1.4,26.0,0.1,0.4
2020-07-03 19:23:34.052464,0.6,72.9,1018.8,24.5,3.2,1.5,19.9,1.4,26.0,0.1,0.5
2020-07-03 19:23:34.891734,0.6,72.9,1018.8,24.5,3.3,1.5,19.9,1.4,26.1,0.1,0.5
2020-07-03 19:23:35.312413,0.6,72.9,1018.8,24.5,3.4,1.5,19.9,1.4,26.0,0.1,0.6
2020-07-03 19:23:35.759370,0.6,72.9,1018.8,24.6,3.4,1.5,20.0,1.4,26.0,0.1,0.6
2020-07-03 19:23:36.551750,0.6,72.9,1018.8,24.5,3.4,1.5,20.0,1.4,26.0,0.0,0.6
2020-07-03 19:23:37.071006,0.6,72.9,1018.8,24.5,3.4,1.5,20.0,1.4,26.0,0.0,0.6
2020-07-03 19:23:37.694782,0.6,72.9,1018.8,24.5,3.4,1.5,20.0,1.4,26.0,0.0,0.6
2020-07-03 19:23:38.316103,0.6,72.9,1018.8,24.6,3.4,4.1,20.0,1.4,26.0,0.1,0.6
2020-07-03 19:23:38.920626,0.6,72.9,1018.8,24.5,3.4,4.1,20.0,1.4,26.0,0.1,0.6
2020-07-03 19:23:39.535667,0.6,72.9,1018.8,24.6,3.4,4.1,20.0,1.4,26.0,0.0,0.6
2020-07-03 19:23:40.030952,0.6,72.9,1018.8,24.6,3.5,4.1,20.0,1.4,26.0,0.1,0.5
2020-07-03 19:23:40.634084,0.6,72.9,1018.8,24.5,3.4,4.1,20.0,1.4,26.2,0.0,0.6
2020-07-03 19:23:41.091461,0.6,72.9,1018.8,24.6,3.4,4.1,20.0,1.4,26.2,0.1,0.6
2020-07-03 19:23:41.751052,0.6,72.9,1018.8,24.6,3.5,4.1,20.0,1.4,26.0,0.1,0.6
2020-07-03 19:23:42.190997,0.7,72.9,1018.8,24.5,3.5,4.1,20.0,1.4,26.2,0.0,0.6
2020-07-03 19:23:42.812583,0.7,72.9,1018.8,24.6,3.4,4.1,20.0,1.4,26.0,0.1,0.6
2020-07-03 19:23:43.371951,0.7,72.9,1018.8,24.5,3.4,4.1,20.0,1.4,26.2,0.1,0.6
2020-07-03 19:23:43.951825,0.8,72.9,1018.8,24.6,3.4,4.1,20.0,1.4,26.2,0.0,0.6
2020-07-03 19:23:44.414415,0.8,72.9,1018.8,24.6,3.4,4.1,20.0,1.4,26.2,0.1,0.6
2020-07-03 19:23:45.171258,0.8,72.9,1018.8,24.6,3.4,4.1,20.0,1.4,26.2,0.0,0.6
2020-07-03 19:23:45.951790,0.8,72.9,1018.8,24.5,3.4,4.1,20.0,1.4,26.1,0.1,0.5
2020-07-03 19:23:46.671541,0.8,72.9,1018.8,24.5,3.4,4.0,20.0,1.4,26.1,0.0,0.6
2020-07-03 19:23:47.052520,0.8,72.9,1018.8,24.5,3.4,4.0,20.0,1.4,26.2,0.0,0.6
2020-07-03 19:23:47.631953,0.8,72.9,1018.8,24.6,3.4,4.0,20.0,1.4,26.2,0.0,0.6
2020-07-03 19:23:48.471813,0.8,72.9,1018.8,24.6,3.4,4.0,20.0,1.4,26.1,0.0,0.6
2020-07-03 19:23:48.852111,0.8,72.9,1018.8,24.6,3.4,4.0,20.0,1.4,26.2,0.0,0.6
2020-07-03 19:23:49.271631,0.8,72.9,1018.8,24.6,3.4,4.0,20.0,1.4,26.1,0.1,0.6
2020-07-03 19:23:49.651786,0.8,72.9,1018.8,24.6,3.4,4.0,20.0,1.4,26.2,0.0,0.6
2020-07-03 19:23:50.261666,1.0,72.9,1018.8,24.6,3.4,4.0,20.0,1.4,26.2,0.1,0.6
2020-07-03 19:23:51.171432,1.0,72.9,1018.8,24.6,3.4,4.0,20.0,1.4,26.2,0.0,0.6
2020-07-03 19:23:51.871108,1.0,72.9,1018.8,24.6,3.4,4.0,20.0,1.4,26.1,0.1,0.6
2020-07-03 19:23:52.291036,1.2,72.9,1018.8,24.6,3.4,4.0,20.0,1.4,26.2,0.1,0.6
2020-07-03 19:23:52.690873,1.2,72.9,1018.8,24.6,3.4,4.0,20.0,1.4,26.2,0.1,0.6
2020-07-03 19:23:53.260466,1.2,72.9,1018.8,24.6,3.4,4.0,20.0,1.4,26.2,0.1,0.6
2020-07-03 19:23:53.910436,1.2,72.9,1018.8,24.6,3.4,4.0,20.0,1.4,26.2,0.0,0.6
2020-07-03 19:23:54.432143,1.2,72.9,1018.8,24.6,3.4,4.0,20.0,1.4,26.1,0.0,0.6
2020-07-03 19:23:54.971507,1.2,72.9,1018.8,24.5,3.4,4.0,20.0,1.4,26.2,0.0,0.6
2020-07-03 19:23:55.830745,1.2,72.8,1018.8,24.6,3.4,4.0,20.0,1.4,26.2,0.0,0.6
2020-07-03 19:23:56.331515,1.2,72.8,1018.8,24.5,3.4,4.0,20.0,1.4,26.2,0.1,0.6
2020-07-03 19:23:56.732910,1.2,72.8,1018.8,24.6,3.5,4.0,20.0,1.4,26.1,0.0,0.6
2020-07-03 19:23:58.160498,1.5,72.8,1018.8,24.6,3.4,4.0,20.0,1.4,26.2,0.1,0.6
2020-07-03 19:23:58.732757,1.5,72.8,1018.8,24.6,3.4,4.0,20.0,1.4,26.2,0.1,0.5
2020-07-03 19:23:59.311491,1.5,72.8,1018.8,24.6,3.4,4.0,20.0,1.4,26.2,0.1,0.6
2020-07-03 19:24:00.031713,1.5,72.8,1018.8,24.6,3.5,4.0,20.0,1.4,26.2,0.1,0.6
2020-07-03 19:24:01.345560,1.7,72.8,1018.8,24.6,3.4,4.0,20.0,1.4,26.1,0.0,0.6
2020-07-03 19:24:02.231883,1.7,72.8,1018.8,24.6,3.4,4.1,20.0,1.4,26.2,0.0,0.6
2020-07-03 19:24:02.714384,1.7,72.8,1018.8,24.5,3.4,4.1,20.0,1.4,26.1,0.0,0.6
2020-07-03 19:24:03.471443,1.7,72.8,1018.8,24.5,3.4,4.1,20.0,1.4,26.2,0.0,0.6
2020-07-03 19:24:04.112145,1.7,72.8,1018.8,24.5,3.4,4.1,20.0,1.4,26.0,0.1,0.6
2020-07-03 19:24:04.850773,1.7,72.8,1018.8,24.5,3.4,4.1,20.0,1.4,26.1,0.0,0.6
2020-07-03 19:24:05.792083,1.7,72.7,1018.8,24.5,3.5,4.1,20.0,1.4,26.0,0.1,0.5
2020-07-03 19:24:06.473868,1.9,72.8,1018.8,24.4,3.5,4.1,20.0,1.4,26.0,0.1,0.6
2020-07-03 19:24:06.912598,1.9,72.8,1018.8,24.5,3.5,4.1,20.0,1.4,26.0,0.0,0.6
2020-07-03 19:24:07.333040,1.9,72.8,1018.8,24.4,3.5,4.1,20.0,1.4,26.0,0.1,0.5
2020-07-03 19:24:07.961297,1.9,72.8,1018.8,24.4,3.5,4.1,20.0,1.4,26.0,0.0,0.6
2020-07-03 19:24:08.791510,2.0,72.8,1018.8,24.5,3.5,4.1,20.0,1.4,26.1,0.0,0.6
2020-07-03 19:24:09.191774,2.0,72.8,1018.8,24.5,3.5,4.1,20.0,1.4,26.0,0.1,0.5
2020-07-03 19:24:09.574855,2.0,72.8,1018.8,24.4,3.5,4.1,20.0,1.4,26.1,0.0,0.6
2020-07-03 19:24:10.173766,2.0,72.8,1018.8,24.4,3.5,4.1,20.0,1.4,26.0,0.0,0.6
2020-07-03 19:24:10.811935,2.0,72.8,1018.8,24.4,3.5,4.1,20.0,1.4,26.0,0.1,0.5
2020-07-03 19:24:11.462738,2.0,72.7,1018.8,24.4,3.5,4.1,20.0,1.4,26.1,0.0,0.6
2020-07-03 19:24:11.992672,2.0,72.7,1018.8,24.4,3.5,4.1,20.0,1.4,26.0,0.0,0.6
2020-07-03 19:24:12.873323,2.0,72.8,1018.8,24.4,3.5,4.1,20.0,1.4,26.0,0.1,0.7
2020-07-03 19:24:13.431514,2.0,72.7,1018.8,24.4,3.5,4.1,20.0,1.4,26.1,0.0,0.6
2020-07-03 19:24:13.871688,2.0,72.7,1018.8,24.4,3.5,4.1,20.0,1.4,26.0,0.0,0.6
2020-07-03 19:24:14.621788,2.1,72.7,1018.8,24.4,3.5,4.1,20.0,1.4,25.9,0.1,0.7
2020-07-03 19:24:15.131948,2.1,72.7,1018.8,24.4,3.6,4.1,20.0,1.4,26.1,0.1,0.6
2020-07-03 19:24:15.672263,2.1,72.7,1018.8,24.4,3.5,4.1,20.0,1.4,26.1,0.1,0.7
2020-07-03 19:24:16.114896,2.1,72.8,1018.8,24.3,3.5,4.1,20.0,1.4,26.1,0.1,0.7
2020-07-03 19:24:16.851905,2.2,72.7,1018.8,24.4,3.5,4.1,20.0,1.4,26.0,0.0,0.7
2020-07-03 19:24:18.110144,2.2,72.7,1018.8,24.4,3.5,4.1,20.0,1.4,26.0,0.1,0.7
2020-07-03 19:24:18.775751,2.2,72.7,1018.8,24.4,3.5,4.1,20.0,1.4,26.1,0.0,0.7
2020-07-03 19:24:19.292458,2.2,72.7,1018.8,24.4,3.5,4.1,20.0,1.4,26.0,0.1,0.7
2020-07-03 19:24:19.872626,2.2,72.7,1018.8,24.3,3.5,4.1,20.0,1.4,26.1,0.1,0.7
2020-07-03 19:24:20.572489,2.2,72.7,1018.8,24.3,3.5,4.1,20.0,1.4,26.1,0.0,0.7
2020-07-03 19:24:22.211557,2.2,72.7,1018.8,24.4,3.5,4.1,20.0,1.4,26.0,0.1,0.7
2020-07-03 19:24:22.733943,2.2,72.7,1018.8,24.4,3.6,4.1,20.0,1.4,26.0,0.1,0.7
2020-07-03 19:24:23.271900,2.2,72.7,1018.8,24.4,3.6,4.1,20.0,1.4,26.0,0.1,0.7
2020-07-03 19:24:23.872450,2.2,72.7,1018.8,24.4,3.6,4.1,20.0,1.4,26.1,0.1,0.7
2020-07-03 19:24:24.353017,2.2,72.7,1018.8,24.3,3.6,4.1,20.0,1.4,26.0,0.0,0.7
2020-07-03 19:24:24.913429,2.3,72.7,1018.8,24.4,3.6,4.1,20.0,1.4,26.0,0.1,0.7
2020-07-03 19:24:25.462276,2.3,72.7,1018.8,24.3,3.6,4.1,20.0,1.4,26.0,0.0,0.7
2020-07-03 19:24:26.052979,2.3,72.7,1018.8,24.3,3.6,4.1,20.0,1.4,26.0,0.1,0.7
2020-07-03 19:24:26.551794,2.3,72.7,1018.8,24.3,3.6,4.1,20.0,1.4,26.0,0.1,0.7
2020-07-03 19:24:27.133060,2.3,72.7,1018.8,24.4,3.6,4.1,20.0,1.4,26.0,0.0,0.7
2020-07-03 19:24:27.653045,2.3,72.7,1018.8,24.3,3.6,4.1,20.0,1.4,26.0,0.1,0.7
2020-07-03 19:24:28.629100,2.3,72.7,1018.8,24.4,3.6,4.1,20.0,1.4,26.1,0.1,0.7
2020-07-03 19:24:29.136001,2.3,72.7,1018.8,24.3,3.6,4.1,20.0,1.4,26.0,0.1,0.7
2020-07-03 19:24:29.512498,2.3,72.7,1018.8,24.3,3.6,4.1,20.0,1.4,26.0,0.1,0.7
2020-07-03 19:24:30.392654,2.3,72.7,1018.8,24.3,3.6,4.1,20.0,1.4,26.0,0.1,0.7
2020-07-03 19:24:31.492607,2.3,72.7,1018.8,24.3,3.6,4.1,20.0,1.4,26.0,0.1,0.7
2020-07-03 19:24:32.091753,2.3,72.7,1018.8,24.3,3.6,4.1,20.0,1.4,26.0,0.1,0.7
2020-07-03 19:24:32.533116,2.4,72.7,1018.8,24.3,3.6,4.1,20.0,1.4,26.0,0.0,0.7
2020-07-03 19:24:33.291909,2.4,72.7,1018.8,24.3,3.6,4.1,20.0,1.4,26.0,0.1,0.7
2020-07-03 19:24:33.892142,2.4,72.7,1018.8,24.2,3.6,4.1,20.0,1.4,26.1,0.1,0.7
2020-07-03 19:24:34.515384,2.4,72.7,1018.8,24.3,3.6,4.1,20.0,1.4,25.9,0.1,0.7
2020-07-03 19:24:35.292961,2.4,72.7,1018.8,24.3,3.7,4.1,20.0,1.4,26.1,0.1,0.7
2020-07-03 19:24:35.972658,2.4,72.6,1018.8,24.3,3.6,4.1,20.0,1.4,26.0,0.1,0.7
2020-07-03 19:24:36.512850,2.4,72.6,1018.8,24.3,3.6,4.1,20.0,1.4,26.0,0.0,0.7
2020-07-03 19:24:37.153031,2.4,72.6,1018.8,24.2,3.6,4.1,20.0,1.4,26.0,0.1,0.7
2020-07-03 19:24:38.192866,2.4,72.6,1018.8,16.0,2.5,4.1,20.0,1.5,27.0,0.0,9.3
2020-07-03 19:24:38.914573,2.4,72.6,1018.8,11.9,1.3,4.1,20.0,1.7,28.9,0.1,14.9
2020-07-03 19:24:39.494414,2.4,72.6,1018.8,9.6,0.7,4.1,20.0,1.8,30.4,0.0,19.2
2020-07-03 19:24:39.779463,2.4,72.6,1018.8,7.9,0.0,4.1,20.0,1.8,31.5,0.0,22.2
2020-07-03 19:24:40.401799,2.4,72.6,1018.8,6.9,0.0,4.1,20.0,1.8,32.1,0.1,23.8
2020-07-03 19:24:40.899205,2.4,72.6,1018.8,6.5,0.0,3.6,20.0,1.8,32.3,0.1,24.3
2020-07-03 19:24:41.599378,2.4,72.6,1018.8,6.7,0.0,3.6,20.0,1.7,32.6,0.0,25.0
2020-07-03 19:24:42.018638,2.4,72.6,1018.8,8.7,0.0,3.6,20.0,1.7,35.6,0.0,25.7
2020-07-03 19:24:42.561865,2.4,72.6,1018.8,10.5,0.0,3.6,20.0,1.6,38.1,0.1,28.6
2020-07-03 19:24:43.059890,2.4,72.6,1018.8,9.4,0.0,3.6,20.0,1.8,41.9,0.1,30.4
2020-07-03 19:24:43.660318,2.4,72.6,1018.8,8.5,0.0,3.6,22.8,1.8,42.5,0.0,32.2
2020-07-03 19:24:44.410945,2.4,72.6,1018.8,8.2,0.0,3.6,22.8,1.8,42.9,0.0,33.2
2020-07-03 19:24:45.338949,2.4,72.6,1018.8,9.8,0.0,3.6,22.8,1.6,44.9,0.1,34.0
2020-07-03 19:24:45.959033,2.4,72.6,1018.8,10.2,0.0,3.6,22.8,1.4,49.6,0.0,38.0
2020-07-03 19:24:46.861851,2.4,72.6,1018.8,9.6,0.0,3.6,25.8,1.4,49.8,0.1,38.8
2020-07-03 19:24:47.359162,2.4,72.6,1018.8,9.4,0.0,3.6,25.8,1.4,50.1,0.1,39.1
2020-07-03 19:24:47.819620,2.4,72.6,1018.8,9.6,0.0,3.6,25.8,1.2,50.2,0.1,39.5
2020-07-03 19:24:48.379037,2.4,72.6,1018.8,9.8,0.0,3.6,25.8,0.7,51.1,0.0,40.1
2020-07-03 19:24:48.939246,2.4,72.6,1018.8,10.0,0.0,3.6,25.8,0.5,52.0,0.1,40.3
2020-07-03 19:24:49.361323,2.4,72.6,1018.8,10.0,0.0,3.6,25.8,0.5,52.2,0.0,40.9
2020-07-03 19:24:49.919261,2.4,72.6,1018.8,10.0,0.0,3.5,28.8,0.6,52.9,0.0,41.6
2020-07-03 19:24:50.819690,2.4,72.6,1018.8,10.1,0.0,3.5,28.8,0.6,53.6,0.1,41.9
2020-07-03 19:24:51.542949,2.4,72.6,1018.8,10.7,0.0,3.5,28.8,0.0,54.6,0.0,42.9
2020-07-03 19:24:51.919648,2.4,72.6,1018.8,10.9,0.0,3.5,28.8,6553.3,55.8,0.1,43.3
2020-07-03 19:24:52.319877,2.4,72.6,1018.8,10.9,0.0,3.5,28.8,6553.4,56.3,0.0,44.1
2020-07-03 19:24:52.759461,2.4,72.6,1018.8,48.0,2.9,3.5,28.8,6553.3,55.6,0.0,9.3
2020-07-03 19:24:53.379708,2.4,72.6,1018.8,50.3,5.3,3.5,31.8,6553.3,55.7,0.1,5.4
2020-07-03 19:24:54.099552,2.4,72.6,1018.8,51.2,6.0,7.7,31.8,6553.1,55.9,0.0,4.4
2020-07-03 19:24:54.960386,2.5,72.6,1018.8,52.1,6.3,7.7,31.8,6552.2,56.9,0.0,4.2
2020-07-03 19:24:55.338602,2.5,72.6,1018.8,52.4,6.4,7.7,31.8,6552.1,56.9,0.0,4.2
2020-07-03 19:24:55.920168,2.5,72.6,1018.8,52.7,6.4,7.7,34.8,6552.3,57.4,0.0,4.2
2020-07-03 19:24:56.710587,2.5,72.6,1018.8,53.2,6.5,7.7,34.8,6552.2,57.7,0.1,4.3
2020-07-03 19:24:57.410735,2.5,72.6,1018.8,53.9,6.6,10.1,34.8,6551.8,58.6,0.0,4.3
2020-07-03 19:24:57.956853,2.5,72.6,1018.8,54.7,6.6,10.1,34.8,6551.3,59.1,0.1,4.4
2020-07-03 19:24:58.439051,2.5,72.6,1018.8,55.1,6.6,10.1,34.8,6551.2,59.9,0.0,4.5
2020-07-03 19:24:59.039485,2.5,72.6,1018.8,55.7,6.7,10.1,37.8,6551.2,60.7,0.1,4.6
2020-07-03 19:24:59.440065,2.5,72.6,1018.8,56.1,6.7,10.1,37.8,6551.2,61.2,0.1,4.6
2020-07-03 19:25:00.179883,2.5,72.5,1018.8,56.9,6.8,11.6,37.8,6551.3,61.8,0.1,4.7
2020-07-03 19:25:01.059071,2.5,72.5,1018.8,58.4,6.9,11.6,37.8,6550.3,63.5,0.0,4.9
2020-07-03 19:25:01.439822,2.5,72.5,1018.8,58.9,6.9,11.6,37.8,6550.2,64.0,0.0,5.0
2020-07-03 19:25:01.960044,2.5,72.5,1018.8,59.4,6.9,11.6,37.8,6550.2,64.9,0.0,5.1
2020-07-03 19:25:03.002772,2.5,72.5,1018.8,60.6,7.0,12.8,40.8,6550.3,66.2,0.0,5.2
2020-07-03 19:25:03.624995,2.5,72.5,1018.8,61.9,7.2,12.8,40.8,6549.8,67.1,0.1,5.4
2020-07-03 19:25:04.221913,2.5,72.5,1018.8,63.2,7.2,12.8,40.8,6549.2,68.5,0.1,5.4
2020-07-03 19:25:04.639457,2.5,72.5,1018.8,64.0,7.3,13.7,40.8,6549.0,69.8,0.0,5.7
2020-07-03 19:25:05.041869,2.5,72.5,1018.8,64.6,7.3,13.7,40.8,6549.1,70.3,0.0,5.8
2020-07-03 19:25:05.479840,2.5,72.5,1018.8,65.3,7.5,13.7,43.8,6549.1,71.4,0.0,6.0
2020-07-03 19:25:05.901087,2.5,72.5,1018.8,65.9,7.5,13.7,43.8,6549.3,71.9,0.1,6.0
2020-07-03 19:25:06.340011,2.5,72.5,1018.8,66.7,7.5,13.7,43.8,6549.2,72.5,0.0,6.1
2020-07-03 19:25:06.860609,2.5,72.5,1018.8,67.8,7.7,14.8,43.8,6548.7,73.8,0.1,6.2
2020-07-03 19:25:08.100867,2.5,72.5,1018.8,71.1,7.8,14.8,43.8,6547.6,77.3,0.0,6.6
2020-07-03 19:25:08.643224,2.5,72.5,1018.8,52.1,7.7,15.9,47.5,6547.6,78.7,0.1,6.8
2020-07-03 19:25:09.660412,2.5,72.5,1018.8,21.1,2.8,15.9,47.5,6548.0,84.8,0.0,59.0
2020-07-03 19:25:10.241741,2.5,72.5,1018.8,18.9,1.6,15.9,47.5,6548.2,88.3,0.0,66.9
2020-07-03 19:25:11.020989,2.5,72.5,1018.8,18.9,0.7,16.2,47.5,6548.4,92.8,0.0,72.5
2020-07-03 19:25:11.520658,2.5,72.5,1018.8,19.3,0.4,16.2,48.0,6548.5,95.1,0.1,75.1
2020-07-03 19:25:11.939360,2.5,72.5,1018.8,19.8,0.0,16.2,48.0,6548.6,97.3,0.1,76.3
2020-07-03 19:25:12.520571,2.5,72.5,1018.8,20.5,0.0,15.4,48.0,6549.0,100.5,0.1,78.6
2020-07-03 19:25:12.938878,2.5,72.5,1018.8,20.9,0.0,15.4,48.0,6549.0,102.0,0.0,80.0
